{
  "accuracy": 0.9865612648221344,
  "cohens_kappa": 0.9823963982400491,
  "precision_macro": 0.9802405588410119,
  "recall_macro": 0.9803792301737058,
  "f1_macro": 0.9802642107938487,
  "f1_F0": 1.0,
  "precision_F0": 1.0,
  "recall_F0": 1.0,
  "support_F0": 423.0,
  "f1_F1": 0.9681159420289855,
  "precision_F1": 0.9653179190751445,
  "recall_F1": 0.9709302325581395,
  "support_F1": 172.0,
  "f1_F2": 0.9657320872274143,
  "precision_F2": 0.9567901234567902,
  "recall_F2": 0.9748427672955975,
  "support_F2": 159.0,
  "f1_F3": 0.9704142011834319,
  "precision_F3": 0.9820359281437125,
  "recall_F3": 0.9590643274853801,
  "support_F3": 171.0,
  "f1_F4": 0.9970588235294118,
  "precision_F4": 0.9970588235294118,
  "recall_F4": 0.9970588235294118,
  "support_F4": 340.0,
  "auc_F0": 1.0,
  "auc_F1": 0.9948456350135109,
  "auc_F2": 0.9784366576819407,
  "auc_F3": 0.9913082523493377,
  "auc_F4": 0.9997996820349762
}