{
  "accuracy": 0.974703557312253,
  "precision_macro": 0.9669433817112271,
  "precision_weighted": 0.9746563870664369,
  "recall_macro": 0.9623805439745162,
  "recall_weighted": 0.974703557312253,
  "f1_macro": 0.964434479948779,
  "f1_weighted": 0.9745081115001527,
  "f1_F0": 1.0,
  "f1_F1": 0.9341317365269461,
  "f1_F2": 0.9430379746835443,
  "f1_F3": 0.9595375722543352,
  "f1_F4": 0.9854651162790697,
  "precision_F0": 1.0,
  "precision_F1": 0.9629629629629629,
  "precision_F2": 0.9490445859872612,
  "precision_F3": 0.9485714285714286,
  "precision_F4": 0.9741379310344828,
  "recall_F0": 1.0,
  "recall_F1": 0.9069767441860465,
  "recall_F2": 0.9371069182389937,
  "recall_F3": 0.9707602339181286,
  "recall_F4": 0.9970588235294118,
  "cohens_kappa": 0.9840703915661456,
  "cohens_kappa_linear": 0.976574604278504,
  "roc_auc_macro": 0.998101409099766,
  "roc_auc_weighted": 0.9987153924743091,
  "confusion_matrix": [
    [
      423,
      0,
      0,
      0,
      0
    ],
    [
      0,
      156,
      4,
      7,
      5
    ],
    [
      0,
      5,
      149,
      2,
      3
    ],
    [
      0,
      1,
      3,
      166,
      1
    ],
    [
      0,
      0,
      1,
      0,
      339
    ]
  ],
  "classification_report": {
    "F0": {
      "precision": 1.0,
      "recall": 1.0,
      "f1-score": 1.0,
      "support": 423.0
    },
    "F1": {
      "precision": 0.9629629629629629,
      "recall": 0.9069767441860465,
      "f1-score": 0.9341317365269461,
      "support": 172.0
    },
    "F2": {
      "precision": 0.9490445859872612,
      "recall": 0.9371069182389937,
      "f1-score": 0.9430379746835443,
      "support": 159.0
    },
    "F3": {
      "precision": 0.9485714285714286,
      "recall": 0.9707602339181286,
      "f1-score": 0.9595375722543352,
      "support": 171.0
    },
    "F4": {
      "precision": 0.9741379310344828,
      "recall": 0.9970588235294118,
      "f1-score": 0.9854651162790697,
      "support": 340.0
    },
    "accuracy": 0.974703557312253,
    "macro avg": {
      "precision": 0.9669433817112271,
      "recall": 0.9623805439745162,
      "f1-score": 0.964434479948779,
      "support": 1265.0
    },
    "weighted avg": {
      "precision": 0.9746563870664369,
      "recall": 0.974703557312253,
      "f1-score": 0.9745081115001527,
      "support": 1265.0
    }
  },
  "accuracy_F0": 1.0,
  "accuracy_F1": 0.9069767441860465,
  "accuracy_F2": 0.9371069182389937,
  "accuracy_F3": 0.9707602339181286,
  "accuracy_F4": 0.9970588235294118
}