{
  "resnet": {
    "accuracy": 0.9130434782608695,
    "precision_macro": 0.889234112126411,
    "precision_weighted": 0.9156778458919933,
    "recall_macro": 0.8708283058263836,
    "recall_weighted": 0.9130434782608695,
    "f1_macro": 0.8765821453629752,
    "f1_weighted": 0.9118272652232832,
    "f1_F0": 1.0,
    "f1_F1": 0.8545454545454545,
    "f1_F2": 0.7751479289940828,
    "f1_F3": 0.803921568627451,
    "f1_F4": 0.9492957746478873,
    "cohens_kappa": 0.9750950049416235,
    "cohens_kappa_linear": 0.9446287644540742,
    "roc_auc_macro": 0.9889162938525876,
    "roc_auc_weighted": 0.9923558391658233,
    "confusion_matrix": [
      [
        423,
        0,
        0,
        0,
        0
      ],
      [
        0,
        141,
        27,
        1,
        3
      ],
      [
        0,
        13,
        131,
        9,
        6
      ],
      [
        0,
        4,
        20,
        123,
        24
      ],
      [
        0,
        0,
        1,
        2,
        337
      ]
    ],
    "classification_report": {
      "F0": {
        "precision": 1.0,
        "recall": 1.0,
        "f1-score": 1.0,
        "support": 423.0
      },
      "F1": {
        "precision": 0.8924050632911392,
        "recall": 0.8197674418604651,
        "f1-score": 0.8545454545454545,
        "support": 172.0
      },
      "F2": {
        "precision": 0.7318435754189944,
        "recall": 0.8238993710691824,
        "f1-score": 0.7751479289940828,
        "support": 159.0
      },
      "F3": {
        "precision": 0.9111111111111111,
        "recall": 0.7192982456140351,
        "f1-score": 0.803921568627451,
        "support": 171.0
      },
      "F4": {
        "precision": 0.9108108108108108,
        "recall": 0.9911764705882353,
        "f1-score": 0.9492957746478873,
        "support": 340.0
      },
      "accuracy": 0.9130434782608695,
      "macro avg": {
        "precision": 0.889234112126411,
        "recall": 0.8708283058263836,
        "f1-score": 0.8765821453629752,
        "support": 1265.0
      },
      "weighted avg": {
        "precision": 0.9156778458919933,
        "recall": 0.9130434782608695,
        "f1-score": 0.9118272652232832,
        "support": 1265.0
      }
    },
    "accuracy_F0": 1.0,
    "accuracy_F1": 0.8197674418604651,
    "accuracy_F2": 0.8238993710691824,
    "accuracy_F3": 0.7192982456140351,
    "accuracy_F4": 0.9911764705882353
  },
  "effnet": {
    "accuracy": 0.9660079051383399,
    "precision_macro": 0.9567784403303305,
    "precision_weighted": 0.9669612292651941,
    "recall_macro": 0.9487231498374428,
    "recall_weighted": 0.9660079051383399,
    "f1_macro": 0.9519172919997247,
    "f1_weighted": 0.9658801937294514,
    "f1_F0": 1.0,
    "f1_F1": 0.9415204678362573,
    "f1_F2": 0.901840490797546,
    "f1_F3": 0.934984520123839,
    "f1_F4": 0.9812409812409812,
    "cohens_kappa": 0.98923189960392,
    "cohens_kappa_linear": 0.9778695719735443,
    "roc_auc_macro": 0.997424274491997,
    "roc_auc_weighted": 0.9982232606632989,
    "confusion_matrix": [
      [
        423,
        0,
        0,
        0,
        0
      ],
      [
        0,
        161,
        8,
        0,
        3
      ],
      [
        0,
        9,
        147,
        1,
        2
      ],
      [
        0,
        0,
        12,
        151,
        8
      ],
      [
        0,
        0,
        0,
        0,
        340
      ]
    ],
    "classification_report": {
      "F0": {
        "precision": 1.0,
        "recall": 1.0,
        "f1-score": 1.0,
        "support": 423.0
      },
      "F1": {
        "precision": 0.9470588235294117,
        "recall": 0.936046511627907,
        "f1-score": 0.9415204678362573,
        "support": 172.0
      },
      "F2": {
        "precision": 0.8802395209580839,
        "recall": 0.9245283018867925,
        "f1-score": 0.901840490797546,
        "support": 159.0
      },
      "F3": {
        "precision": 0.993421052631579,
        "recall": 0.8830409356725146,
        "f1-score": 0.934984520123839,
        "support": 171.0
      },
      "F4": {
        "precision": 0.9631728045325779,
        "recall": 1.0,
        "f1-score": 0.9812409812409812,
        "support": 340.0
      },
      "accuracy": 0.9660079051383399,
      "macro avg": {
        "precision": 0.9567784403303305,
        "recall": 0.9487231498374428,
        "f1-score": 0.9519172919997247,
        "support": 1265.0
      },
      "weighted avg": {
        "precision": 0.9669612292651941,
        "recall": 0.9660079051383399,
        "f1-score": 0.9658801937294514,
        "support": 1265.0
      }
    },
    "accuracy_F0": 1.0,
    "accuracy_F1": 0.936046511627907,
    "accuracy_F2": 0.9245283018867925,
    "accuracy_F3": 0.8830409356725146,
    "accuracy_F4": 1.0
  }
}