{
  "effnet": {
    "train_loss": [
      1.158957549826204,
      1.0135693482420045,
      0.9730736868990708,
      0.9142205700137261,
      0.8441108438870885,
      0.7645218543449787,
      0.6889646639959294,
      0.6184621346109673,
      0.559602702077631,
      0.5315129135497361
    ],
    "train_acc": [
      58.42230130486358,
      68.4657967576117,
      70.89758797943851,
      74.43653618030842,
      79.10241202056149,
      83.82759984183471,
      88.59232898378806,
      92.48714907077897,
      95.9667852906287,
      97.52866745749309
    ],
    "val_loss": [
      0.9475201770663262,
      0.9462476201355458,
      1.0392625510692597,
      0.8347379311919212,
      0.8118472844362259,
      0.6768097218126059,
      0.6242457468062639,
      0.5817913077771664,
      0.5412981420755386,
      0.5401775367558003
    ],
    "val_acc": [
      70.98814229249012,
      73.12252964426878,
      73.83399209486166,
      78.02371541501977,
      80.23715415019763,
      88.61660079051383,
      92.25296442687747,
      93.20158102766798,
      95.96837944664031,
      96.60079051383399
    ]
  }
}