{
  "resnet": {
    "train_loss": [
      0.7440551243933969,
      0.6971347634724638
    ],
    "train_acc": [
      85.09292210359826,
      87.93989719256624
    ],
    "val_loss": [
      0.8597815848886967,
      0.6356617424637079
    ],
    "val_acc": [
      80.47430830039525,
      91.30434782608695
    ]
  }
}